sample_id,pangram_human_score,pangram_human_verdict,gptzero_human_score,gptzero_human_verdict,winston_human_score,winston_human_verdict,originality_human_score,originality_human_verdict
sample_001,1,true,0.99999918,true,0.9986,true,1,true
sample_002,1,true,0.99999321,true,1,true,0.9758,true
sample_003,1,true,0.9999991,true,1,true,1,true
sample_004,1,true,0.99997427,true,1,true,1,true
sample_005,1,true,0.99999879,true,1,true,1,true
sample_006,0,false,0.95343867,true,0.3555,false,0.9647,true
sample_007,1,true,0.99999802,true,0.9953,true,0.9844,true
sample_008,1,true,0.99999868,true,1,true,1,true
sample_009,1,true,0.99999608,true,1,true,1,true
sample_010,1,true,0.99999658,true,1,true,0.9999,true
sample_011,1,true,0.99999705,true,1,true,1,true
sample_012,1,true,0.99999843,true,1,true,1,true
sample_013,1,true,0.99999864,true,1,true,0.9438,true
sample_014,0.861,false,0.99999176,true,1,true,0.9998,true
sample_015,1,true,0.99999571,true,1,true,0.9985,true
sample_016,1,true,0.99999908,true,1,true,1,true
sample_017,1,true,0.99997094,true,0.9848,true,0.9968,true
sample_018,1,true,0.99990011,true,1,true,0.2175,false
sample_019,1,true,0.99999494,true,1,true,0.9999,true
sample_020,1,true,0.99999499,true,1,true,1,true
sample_021,1,true,0.99999527,true,1,true,1,true
sample_022,1,true,0.99999763,true,1,true,1,true
sample_023,0,false,0.99993365,true,0.0156,false,0.9999,true
sample_024,1,true,0.99999886,true,0.9871,true,0.9466,true
sample_025,1,true,0.99999765,true,1,true,1,true
sample_026,1,true,0.99998593,true,1,true,1,true
sample_027,1,true,0.9999655,true,0.9998,true,1,true
sample_028,1,true,0.99999868,true,0.8984,true,1,true
sample_029,1,true,0.99999865,true,1,true,1,true
sample_030,1,true,0.9999969,true,1,true,1,true
sample_031,0,false,0.90388358,true,0,false,0.0001,false
sample_032,1,true,0.99999898,true,0.9983,true,0.3606,false
sample_033,1,true,0.99999878,true,1,true,0.6905,true
sample_034,1,true,0.99999747,true,0.2227,false,1,true
sample_035,0,false,0.99999701,true,0.7637,true,0.9994,true
sample_036,1,true,0.99999778,true,1,true,0.9992,true
sample_037,1,true,0.99999842,true,1,true,1,true
sample_038,1,true,0.99999735,true,1,true,1,true
sample_039,1,true,0.99999813,true,1,true,1,true
sample_040,1,true,0.99999841,true,1,true,1,true
sample_041,1,true,0.9999991,true,1,true,1,true
sample_042,1,true,0.99995249,true,1,true,0.244,false
sample_043,1,true,0.9999976,true,1,true,1,true
sample_044,1,true,0.99999063,true,0.7646,true,1,true
sample_045,1,true,0.99999893,true,1,true,1,true
sample_046,1,true,0.99999901,true,1,true,1,true
sample_047,1,true,0.99999813,true,0.9975,true,1,true
sample_048,1,true,0.99998739,true,0.9973,true,0.9999,true
sample_049,1,true,0.99999884,true,1,true,1,true
sample_050,1,true,0.99999657,true,1,true,1,true
sample_051,1,true,0.99998036,true,0.9969,true,0.5137,true
sample_052,1,true,0.99999892,true,1,true,0.98,true
sample_053,1,true,0.99607179,true,0.9991,true,1,true
sample_054,1,true,0.99999713,true,1,true,1,true
sample_055,1,true,0.99999301,true,1,true,1,true
sample_056,1,true,0.99999685,true,1,true,1,true
sample_057,1,true,0.99999574,true,0.9583,true,0.9998,true
sample_058,0,false,0.99999843,true,0.0391,false,0.9979,true
sample_059,1,true,0.99999905,true,1,true,1,true
sample_060,1,true,0.99999822,true,1,true,1,true
sample_061,1,true,0.99999914,true,1,true,1,true
sample_062,1,true,0.99999668,true,1,true,1,true
sample_063,1,true,0.99912461,true,1,true,0.9999,true
sample_064,1,true,0.99999914,true,1,true,1,true
sample_065,1,true,0.99999903,true,1,true,1,true
sample_066,1,true,0.99999921,true,1,true,1,true
sample_067,1,true,0.99999835,true,1,true,1,true
sample_068,0,false,0.9999989,true,1,true,1,true
sample_069,1,true,0.99999604,true,1,true,1,true
sample_070,0,false,0.99999842,true,0.9092,true,1,true
sample_071,1,true,0.99999886,true,0.9991,true,1,true
sample_072,0.521,false,0,false,0.3555,false,0.1956,false
sample_073,1,true,0.99999895,true,0.9995,true,0.9999,true
sample_074,1,true,0.9999865,true,1,true,1,true
sample_075,1,true,0,false,1,true,1,true
sample_076,1,true,0.99999347,true,1,true,0.9998,true
sample_077,1,true,0.99999475,true,1,true,0.9998,true
sample_078,1,true,0.99883897,true,1,true,1,true
sample_079,1,true,0.99998525,true,1,true,0.9998,true
sample_080,1,true,0.99999853,true,1,true,1,true
sample_081,1,true,0.99999057,true,1,true,1,true
sample_082,1,true,0.99999864,true,1,true,0.9236,true
sample_083,1,true,0.99999881,true,1,true,1,true
sample_084,1,true,0.9999954,true,1,true,1,true
sample_085,1,true,0.99999875,true,1,true,1,true
sample_086,1,true,0.99999878,true,1,true,1,true
sample_087,1,true,0.99999883,true,1,true,1,true
sample_088,0,false,0.99999555,true,1,true,0.9999,true
sample_089,1,true,0.99999911,true,0.9976,true,1,true
sample_090,1,true,0.99999929,true,1,true,1,true
sample_091,1,true,0.99999811,true,1,true,0.9967,true
sample_092,1,true,0.9999596,true,0.9939,true,1,true
sample_093,1,true,0.99999876,true,0.9987,true,1,true
sample_094,1,true,0.99999858,true,1,true,1,true
sample_095,1,true,0.9999843,true,0.0234,false,0.9545,true
sample_096,0,false,0.99999879,true,0.6328,true,1,true
sample_097,1,true,0.99999849,true,0.9993,true,0.8319,true
sample_098,1,true,0.99962784,true,1,true,1,true
sample_099,1,true,0,false,0,false,0.0001,false
sample_100,1,true,0.99996321,true,1,true,1,true
