sample_id,input_words,output_words_stealth,output_words_rephrasy,output_words_undetectableai,output_words_ryne,output_words_hix,output_words_humbot,output_words_bypassgpt,output_words_writehuman,output_words_grubby,output_words_rewriteai,pangram_ai_stealth,pangram_ai_rephrasy,pangram_ai_undetectableai,pangram_ai_ryne,pangram_ai_hix,pangram_ai_humbot,pangram_ai_bypassgpt,pangram_ai_writehuman,pangram_ai_grubby,pangram_ai_rewriteai,gptzero_ai_stealth,gptzero_ai_rephrasy,gptzero_ai_undetectableai,gptzero_ai_ryne,gptzero_ai_hix,gptzero_ai_humbot,gptzero_ai_bypassgpt,gptzero_ai_writehuman,gptzero_ai_grubby,gptzero_ai_rewriteai,originality_ai_stealth,originality_ai_rephrasy,originality_ai_undetectableai,originality_ai_ryne,originality_ai_hix,originality_ai_humbot,originality_ai_bypassgpt,originality_ai_writehuman,originality_ai_grubby,originality_ai_rewriteai,zerogpt_ai_stealth,zerogpt_ai_rephrasy,zerogpt_ai_undetectableai,zerogpt_ai_ryne,zerogpt_ai_hix,zerogpt_ai_humbot,zerogpt_ai_bypassgpt,zerogpt_ai_writehuman,zerogpt_ai_grubby,zerogpt_ai_rewriteai,winston_ai_stealth,winston_ai_rephrasy,winston_ai_undetectableai,winston_ai_ryne,winston_ai_hix,winston_ai_humbot,winston_ai_bypassgpt,winston_ai_writehuman,winston_ai_grubby,winston_ai_rewriteai,mean_ai_stealth,mean_ai_rephrasy,mean_ai_undetectableai,mean_ai_ryne,mean_ai_hix,mean_ai_humbot,mean_ai_bypassgpt,mean_ai_writehuman,mean_ai_grubby,mean_ai_rewriteai,quality_stealth,quality_rephrasy,quality_undetectableai,quality_ryne,quality_hix,quality_humbot,quality_bypassgpt,quality_writehuman,quality_grubby,quality_rewriteai,grammar_stealth,grammar_rephrasy,grammar_undetectableai,grammar_ryne,grammar_hix,grammar_humbot,grammar_bypassgpt,grammar_writehuman,grammar_grubby,grammar_rewriteai,similarity_stealth,similarity_rephrasy,similarity_undetectableai,similarity_ryne,similarity_hix,similarity_humbot,similarity_bypassgpt,similarity_writehuman,similarity_grubby,similarity_rewriteai,fact_errors_stealth,fact_errors_rephrasy,fact_errors_undetectableai,fact_errors_ryne,fact_errors_hix,fact_errors_humbot,fact_errors_bypassgpt,fact_errors_writehuman,fact_errors_grubby,fact_errors_rewriteai,clunky_sentences_stealth,clunky_sentences_rephrasy,clunky_sentences_undetectableai,clunky_sentences_ryne,clunky_sentences_hix,clunky_sentences_humbot,clunky_sentences_bypassgpt,clunky_sentences_writehuman,clunky_sentences_grubby,clunky_sentences_rewriteai
sample_001,918,1182,1002,1216,995,987,991,972,867,1010,1075,0.0,0.0,0.0,4.71,32.41,100.0,65.52,0.0,0.0,0.0,0,0,0,100,30.19,0,0,0,0,0,0.02,4.09,0,99.6,25.09,6.6,30.85,0.01,0,0.01,0.0,0.0,0.0,2.5,1.5,0.0,0.0,0.8,0.0,0.0,0.1,0.09,0.1,2.4,0.13,0.1,0.29,0.07,0.1,0.12,0.02,0.84,0.02,41.84,17.86,21.34,19.33,0.18,0.02,0.03,66.7,66.7,66.7,83.3,66.7,50.0,50.0,50.0,66.7,66.7,96,84,96,95,80,68,72,90,88,98,88,95,95,75,92,88,88,82,94,88,1,2,6,4,1,3,4,2,2,2,6,2,3,0,5,9,7,1,3,1
sample_002,588,677,619,728,660,650,632,687,656,655,630,0.0,100.0,100.0,100.0,100.0,100.0,100.0,75.81,0.0,100.0,0,18.75,0,35.14,40.0,0,0,0,0,0,0.02,58.62,0.02,99.94,45.2,6.45,4.79,0.01,0.01,0.05,16.7,27.3,3.3,30.2,8.8,2.4,7.3,12.9,8.1,29.1,0.14,21.29,0.15,27.34,0.2,0.78,0.36,0.26,0.16,0.36,3.37,45.19,20.69,58.52,38.84,21.93,22.49,17.8,1.65,25.9,83.3,50.0,50.0,83.3,33.3,66.7,66.7,50.0,100.0,83.3,100,88,85,100,65,78,72,88,96,96,96,82,82,85,75,82,88,75,95,95,0,1,1,3,2,3,3,1,0,0,2,3,3,0,3,5,5,2,0,1
sample_003,343,338,411,371,460,371,391,350,391,380,356,100.0,100.0,100.0,100.0,100.0,100.0,100.0,100.0,100.0,100.0,0,0,0,100,0,100,100,0,0,100,0,0,0.01,99.39,79.57,3.31,82.48,0,0,28.72,0.0,15.4,4.7,70.3,0.0,3.3,0.0,0.0,0.0,100.0,0.11,0.19,0.15,100,0.19,0.1,0.32,0.15,0.09,1.88,20.02,23.12,20.97,93.94,35.95,41.34,56.56,20.03,20.02,66.12,100.0,83.3,83.3,100.0,83.3,50.0,66.7,83.3,83.3,100.0,92,93,100,100,72,68,70,95,88,100,95,90,95,90,92,65,82,82,100,95,0,1,1,0,1,1,1,0,0,0,0,0,0,0,0,2,2,0,1,0
sample_004,482,400,512,529,496,540,614,602,585,484,558,0.0,0.0,100.0,100.0,100.0,100.0,100.0,0.0,100.0,100.0,0,0,0,100,0,100,100,0,0,46.15,0,0.49,0,99.61,10.1,58.17,0.02,3.32,0,0.01,29.1,45.0,0.0,100.0,16.6,8.9,6.7,24.1,12.5,58.3,0.12,0.22,0.11,99.61,0.11,0.2,2.23,0.13,0.06,0.17,5.84,9.14,20.02,99.84,25.36,53.45,41.79,5.51,22.51,40.93,100.0,100.0,100.0,100.0,66.7,83.3,83.3,83.3,83.3,83.3,92,96,95,100,88,72,88,100,96,98,90,90,95,100,78,90,82,75,100,95,0,0,0,0,0,0,0,2,0,0,0,0,0,0,2,3,5,0,1,2
sample_005,889,854,943,1090,972,1036,1056,1027,842,1044,972,47.8,100.0,100.0,100.0,100.0,100.0,100.0,80.62,100.0,100.0,0,52.27,70.45,100,100,100,100,0,67.27,100,0,36.81,0,99.99,33.53,1.18,13.39,0.01,0,0.04,11.3,18.4,1.9,89.9,0.0,2.9,0.0,14.8,0.0,36.2,0.06,0.86,0.12,99.61,0.69,0.39,2.26,0.08,0.15,4.27,11.83,41.67,34.49,97.9,46.84,40.89,43.13,19.1,33.48,48.1,83.3,50.0,66.7,83.3,66.7,66.7,66.7,66.7,100.0,66.7,88,98,88,100,64,76,72,88,96,96,95,82,95,78,75,88,75,75,98,95,2,1,1,3,2,2,1,1,0,1,0,3,1,0,8,10,5,2,0,3
sample_006,776,668,846,804,805,904,808,826,809,879,896,0.0,0.0,89.07,100.0,100.0,100.0,100.0,0.0,100.0,100.0,0,0,12.5,88.64,33.33,0,0,0,0,0,0.39,0.02,0.03,99.97,0.04,0.01,42.93,0,0,0.05,15.5,26.2,3.8,98.3,0.0,6.2,3.7,3.5,31.1,58.0,0.14,0.23,8.64,99.61,0.15,0.24,0.15,0.34,0.15,9.52,3.21,5.29,22.81,97.3,26.7,21.29,29.36,0.77,26.25,33.51,83.3,83.3,66.7,83.3,50.0,66.7,66.7,83.3,83.3,66.7,100,88,84,100,68,72,65,92,84,100,88,89,82,97,65,88,88,80,96,92,0,0,2,1,2,0,1,0,0,1,1,2,2,0,6,7,6,2,5,1
sample_007,790,658,819,1012,873,894,869,893,694,1021,936,0.0,7.1,35.44,20.26,100.0,100.0,100.0,0.0,65.25,100.0,0,0,0,100,2.38,47.62,0,0,0,0,0,0.02,0.73,99.97,39.45,22.05,46.12,0.02,0,0,4.9,31.5,23.8,76.5,5.6,5.6,9.2,21.4,4.4,45.4,0.13,0.11,0.1,100,0.52,0.23,0.86,0.12,0.18,0.14,1.01,7.75,12.01,79.35,29.59,35.1,31.24,4.31,13.97,29.11,83.3,83.3,66.7,83.3,83.3,66.7,83.3,66.7,66.7,83.3,93,96,95,100,68,68,65,90,90,96,88,92,90,92,82,84,90,75,92,95,1,0,0,1,0,1,0,1,1,0,0,1,3,0,6,5,11,0,1,2
sample_008,880,905,1136,1017,897,990,943,958,872,885,894,0.0,0.0,16.73,71.09,100.0,100.0,100.0,43.17,100.0,100.0,0,0,0,86.54,0,0,0,0,0,0,2.41,0,0,99.49,4.5,0,0.05,0.01,0,0.02,8.8,0.0,0.0,26.6,0.0,4.6,0.0,2.4,0.0,12.4,0.22,0.1,0.13,0.54,0.11,0.11,0.09,0.17,0.1,0.1,2.29,0.02,3.37,56.85,20.92,20.94,20.03,9.15,20.02,22.5,83.3,83.3,83.3,66.7,50.0,66.7,66.7,83.3,100.0,66.7,88,90,96,100,65,72,72,95,96,98,90,92,95,95,82,89,88,82,100,98,0,0,0,1,1,0,1,0,0,1,1,4,1,3,8,6,6,1,0,2
sample_009,853,1055,923,1205,927,946,908,945,916,993,918,0.0,78.22,79.93,84.07,78.33,100.0,80.16,0.0,65.31,72.81,0,0,0,43.18,32.56,20.0,48.94,0,0,18.37,0.07,0,0,99.15,3.96,33.73,2.51,0.21,0.01,0.01,12.0,24.1,12.8,47.4,19.5,3.6,11.9,6.5,23.3,22.5,0.36,0.11,0.8,58.98,4.47,12.4,5.59,0.1,0.14,0.51,2.49,20.49,18.71,66.56,27.76,33.95,29.82,1.36,17.75,22.84,83.3,83.3,66.7,83.3,66.7,66.7,66.7,83.3,83.3,83.3,100,90,88,85,68,68,65,90,98,100,82,95,92,90,88,78,82,75,98,96,2,0,1,2,2,1,1,2,0,0,0,1,6,0,4,2,4,0,1,1
sample_010,570,535,622,570,544,639,648,600,637,613,609,0.0,0.0,100.0,0.0,100.0,100.0,100.0,100.0,67.56,24.74,0,0,0,100,0,0,0,0,0,0,0.02,0,0.6,99.86,0,0.01,0.04,0,0,0,21.1,0.0,0.0,9.8,0.0,0.0,0.0,5.1,0.0,0.0,0.27,0.1,0.15,0.21,0.12,0.16,0.18,0.2,0.15,0.09,4.28,0.02,20.15,41.97,20.02,20.03,20.04,21.06,13.54,4.97,83.3,33.3,66.7,66.7,66.7,66.7,83.3,83.3,66.7,83.3,98,68,92,100,62,64,72,98,88,96,90,82,91,97,78,82,95,82,98,98,0,3,2,1,2,2,0,1,0,0,1,8,3,1,12,8,9,0,2,4
sample_011,850,798,1335,1268,987,1028,983,1018,868,1094,1216,0.0,100.0,91.97,92.61,100.0,100.0,100.0,52.26,83.18,89.49,0,0,0,100,59.68,62.71,100,0,3.85,0,0.02,31.63,4.34,99.03,0.19,37.64,30.46,42.07,0.22,0.04,1.4,3.1,4.8,16.7,3.1,7.0,1.9,0.0,3.8,7.7,0.15,1.01,6.94,97.66,0.18,9.42,0.18,0.1,0.18,0.15,0.31,27.15,21.61,81.2,32.63,43.35,46.51,18.89,18.25,19.48,83.3,16.7,50.0,66.7,66.7,66.7,66.7,66.7,83.3,66.7,98,84,82,98,72,80,64,90,96,98,82,76,80,82,75,82,75,75,99,91,0,2,0,2,2,2,3,2,0,2,1,6,5,1,6,6,9,0,1,0
sample_012,494,477,542,578,513,565,538,563,491,569,535,0.0,100.0,0.0,91.68,100.0,100.0,100.0,0.0,90.79,0.0,0,0,0,100,38.1,0,4.76,0,0,0,0.19,0.32,0.01,99.94,2.18,67.3,46.14,0.15,0.1,53.42,9.9,0.0,0.0,58.6,0.0,0.0,0.0,1.8,0.0,41.8,0.23,0.32,0.27,100,0.49,0.49,1.14,0.31,0.2,0.3,2.06,20.13,0.06,90.04,28.15,33.56,30.41,0.45,18.22,19.1,100.0,66.7,100.0,100.0,66.7,66.7,83.3,50.0,100.0,66.7,95,90,100,100,92,92,95,88,95,95,95,95,91,96,96,95,98,75,95,92,0,1,0,0,1,1,0,2,0,1,0,2,0,0,1,1,2,2,0,2
sample_013,644,595,640,571,635,733,748,756,544,696,599,0.0,0.0,20.37,0.0,100.0,100.0,100.0,17.82,0.0,100.0,0,0,0,100,0,0,0,0,0,0,0,0.03,0.01,98.81,51.11,0.74,1.63,0.03,0,6.75,0.0,4.5,22.5,12.6,1.5,0.0,0.0,0.0,0.0,6.8,0.16,0.07,0.11,0.15,0.13,0.08,0.16,0.09,0.15,0.1,0.03,0.92,8.6,42.31,30.55,20.16,20.36,3.59,0.03,22.73,100.0,66.7,66.7,100.0,50.0,83.3,66.7,66.7,100.0,100.0,95,96,95,100,68,65,80,96,96,95,92,95,95,100,72,68,82,68,98,96,0,0,2,0,1,0,0,2,0,0,0,1,1,0,5,8,5,0,0,0
sample_014,772,747,793,1154,794,806,845,833,807,787,672,0.0,0.0,91.61,5.93,100.0,83.05,91.81,21.54,0.0,34.18,0,0,0,100,0,0,0,0,0,0,0.03,0.01,0,96.86,35.45,34.19,30.58,0.23,0,0.05,0.0,0.0,0.0,8.1,2.6,0.0,0.0,0.0,0.0,2.3,0.19,0.07,0.09,1.83,0.11,0.14,0.09,0.08,0.16,0.13,0.04,0.02,18.34,42.54,27.63,23.48,24.5,4.37,0.03,7.33,83.3,66.7,66.7,100.0,66.7,66.7,66.7,66.7,83.3,66.7,98,96,92,100,65,72,68,88,85,96,88,82,50,95,82,82,82,78,98,92,0,0,0,0,1,0,2,1,0,1,1,1,16,0,10,6,7,2,2,1
sample_015,994,1035,1050,1103,1371,1033,1068,1055,794,1023,1161,5.13,100.0,100.0,100.0,100.0,100.0,100.0,100.0,100.0,100.0,0,0,0,100,0,13.64,0,0,0,0,0.01,33.94,30.1,99.97,30.77,48.22,0.16,0.01,0.11,0.04,2.8,3.4,0.0,28.8,0.0,3.3,0.0,7.2,4.3,18.7,0.24,0.09,0.16,89.53,0.17,0.35,0.32,0.15,0.15,0.21,1.64,27.49,26.05,83.66,26.19,33.1,20.1,21.47,20.91,23.79,83.3,66.7,83.3,50.0,50.0,50.0,50.0,83.3,83.3,66.7,96,88,78,96,65,68,64,95,95,95,82,95,89,68,78,75,68,78,98,90,0,0,0,2,2,2,3,0,0,1,1,1,2,2,7,5,4,2,1,2
sample_016,559,557,536,591,551,655,640,631,559,615,635,0.0,77.27,100.0,100.0,100.0,100.0,100.0,81.95,100.0,100.0,0,0,0,100,100,100,100,0,41.67,100,0.11,59.69,0.03,99.99,54.43,59.59,69.49,19.16,0,1.76,0.0,0.0,0.0,88.8,0.0,0.0,4.2,0.0,0.0,13.7,0.12,7.18,0.45,100,0.25,0.32,9.28,0.14,0.12,0.33,0.05,28.83,20.1,97.76,50.94,51.98,56.59,20.25,28.36,43.16,83.3,50.0,66.7,100.0,50.0,66.7,83.3,66.7,83.3,83.3,100,88,98,100,84,72,80,98,95,100,88,68,95,100,88,88,90,75,98,95,1,3,1,0,2,1,0,2,0,0,0,3,0,0,3,5,4,1,2,1
sample_017,500,593,575,685,529,554,590,563,531,598,517,0.0,100.0,100.0,100.0,100.0,100.0,100.0,29.08,100.0,100.0,0,100,100,100,100,100,100,0,100,0,0,10.39,0.01,99.92,71.17,32.34,56.44,31.91,3.45,0.03,0.0,5.5,0.0,12.1,0.0,0.0,0.0,0.0,0.0,0.0,0.1,0.45,0.23,100,60.94,40.82,10.25,0.1,0.13,0.12,0.02,43.27,40.05,82.4,66.42,54.63,53.34,12.22,40.72,20.03,100.0,50.0,66.7,66.7,50.0,50.0,83.3,66.7,100.0,83.3,100,90,88,100,72,72,88,95,98,100,92,84,95,88,92,68,96,82,98,82,0,1,1,1,1,1,0,1,0,1,0,2,1,1,1,2,1,1,0,0
sample_018,990,980,1084,982,981,1055,1077,1122,1028,1094,1073,0.0,0.0,16.56,100.0,100.0,100.0,100.0,0.0,0.0,56.44,0,0,0,100,0,0,33.33,0,0,7.55,0,0,0.18,96.84,34.36,26.67,1.73,0.02,0,0.01,0.0,8.4,0.0,70.3,1.4,0.0,0.0,1.7,0.0,20.0,0.14,0.08,0.09,1.94,0.11,0.06,0.1,0.1,0.18,0.11,0.03,1.7,3.37,73.82,27.17,25.35,27.03,0.36,0.04,16.82,83.3,66.7,83.3,83.3,83.3,66.7,50.0,66.7,100.0,83.3,90,84,96,100,72,68,65,95,96,100,82,92,95,95,88,80,68,83,98,98,0,2,0,1,0,2,2,1,0,0,1,1,3,0,4,6,10,0,0,3
sample_019,519,480,573,632,565,589,649,636,603,644,664,100.0,100.0,100.0,100.0,100.0,100.0,100.0,88.34,100.0,100.0,50.0,0,0,100,0,0,50.0,0,0,0,20.16,16.65,0.02,99.95,16.32,0.56,5.14,0,0,0.04,78.4,5.7,19.2,100.0,9.5,3.4,4.0,16.8,3.6,25.3,98.05,0.15,0.17,100,0.39,0.19,0.19,0.25,0.2,5.59,69.32,24.5,23.88,99.99,25.24,20.83,31.87,21.08,20.76,26.19,100.0,66.7,83.3,100.0,50.0,66.7,83.3,66.7,83.3,66.7,100,90,96,100,72,72,68,90,95,95,88,82,95,95,80,95,82,88,98,96,0,0,1,0,1,1,0,1,0,1,0,4,0,0,5,4,6,1,1,1
sample_020,312,301,261,301,325,323,348,316,317,343,294,0.0,0.0,90.6,65.58,100.0,100.0,100.0,0.0,0.0,0.0,0,0,0,100,100,100,100,0,6.25,0,0,80.94,0.02,99.87,97.56,76.46,31.88,0.01,0.01,0,0.0,0.0,0.0,40.1,0.0,12.0,0.0,0.0,0.0,0.0,0.2,1.75,1.98,99.22,22.85,10.84,0.97,1,0.3,1,0.04,16.54,18.52,80.95,64.08,59.86,46.57,0.2,1.31,0.2,66.7,50.0,66.7,66.7,66.7,66.7,66.7,83.3,66.7,100.0,95,90,92,95,68,72,88,100,95,95,95,92,88,95,92,75,92,68,98,90,2,1,1,0,2,1,1,4,1,0,0,1,1,1,3,2,1,0,1,0
sample_021,345,474,365,410,366,352,339,362,324,369,323,0.0,100.0,100.0,77.14,100.0,100.0,100.0,100.0,100.0,100.0,0,0,0,100,0,0,0,0,0,0,0.04,0,0,99.99,78.65,0,0.19,0,79.89,0,0.0,0.0,0.0,10.2,0.0,0.0,0.0,0.0,0.0,0.0,0.67,0.11,0.24,96.09,10.69,0.12,2.44,0.34,2.84,1.86,0.14,20.02,20.05,76.68,37.87,20.02,20.53,20.07,36.55,20.37,83.3,83.3,100.0,100.0,66.7,66.7,66.7,66.7,100.0,83.3,100,68,98,100,52,48,68,98,98,100,75,88,96,88,75,78,95,82,100,90,6,0,0,0,1,1,1,1,0,1,0,3,0,0,4,4,3,0,0,0
sample_022,436,423,440,566,481,468,464,469,413,470,607,0.0,100.0,100.0,35.45,100.0,100.0,100.0,0.0,0.0,68.68,0,0,0,100,0,0,0,0,0,0,0,0,0.4,92.24,66.87,65.94,66.26,0.04,0,0.24,8.2,0.0,7.4,42.2,0.0,0.0,0.9,4.5,0.0,16.1,0.27,0.27,0.13,100,0.23,0.21,2.23,0.63,0.32,0.25,1.69,20.05,21.59,73.98,33.42,33.23,33.88,1.03,0.06,17.05,100.0,66.7,83.3,83.3,83.3,83.3,66.7,100.0,100.0,100.0,92,80,90,100,62,80,68,100,95,100,80,88,88,82,75,88,88,88,98,95,0,0,0,1,0,0,1,0,0,0,0,1,2,0,6,3,5,0,0,0
sample_023,397,541,463,455,406,419,431,429,464,467,474,0.0,100.0,84.48,87.62,100.0,100.0,100.0,0.0,100.0,0.0,0,0,0,100,0,0,0,0,0,0,0,1.14,0,98.94,9.34,2.74,38.86,1.76,0.01,0,0.0,0.0,0.0,3.3,0.0,0.0,0.0,14.7,0.0,0.0,0.1,0.25,0.1,44.53,0.21,0.14,0.14,0.2,0.11,0.28,0.02,20.28,16.92,66.88,21.91,20.58,27.8,3.33,20.02,0.06,100.0,100.0,83.3,100.0,50.0,66.7,50.0,66.7,66.7,83.3,95,90,88,100,88,88,64,95,90,100,96,82,82,100,85,82,78,75,95,92,0,0,3,0,1,1,1,2,0,2,0,0,0,0,1,3,5,0,1,0
sample_024,669,693,708,814,668,740,705,734,749,725,693,0.0,100.0,38.93,96.27,100.0,100.0,100.0,0.0,65.2,100.0,0,0,0,100,48.48,53.12,51.52,0,0,0,0,29.79,0,99.95,0.14,46.26,0.14,0.12,0,0.01,10.1,36.1,2.8,98.2,7.6,5.5,5.6,13.1,0.0,8.9,1.75,12.99,0.13,100,0.14,7.57,0.23,0.12,0.19,0.41,2.37,35.78,8.37,98.88,31.27,42.49,31.5,2.67,13.08,21.86,83.3,66.7,100.0,83.3,66.7,83.3,66.7,83.3,83.3,83.3,98,88,98,100,72,68,80,96,90,98,95,82,94,98,78,92,82,88,98,98,0,1,0,1,1,0,0,0,0,0,1,3,0,0,7,2,3,1,1,2
sample_025,403,447,420,509,425,436,433,460,416,460,438,0.0,10.27,0.0,74.53,100.0,100.0,100.0,0.0,0.0,0.0,0,0,0,100,0,0,0,0,0,12.5,0.02,0.11,0,99.97,35.89,0.47,65.24,0.01,0,0,11.4,0.0,0.0,56.3,7.0,0.0,5.2,19.9,3.2,29.1,0.39,0.25,0.12,100,0.14,0.12,2.55,0.22,0.15,0.81,2.36,2.13,0.02,86.16,28.61,20.12,34.6,4.03,0.67,8.48,100.0,66.7,66.7,100.0,66.7,66.7,66.7,83.3,100.0,83.3,98,88,92,100,80,72,68,95,98,100,95,92,84,98,88,85,70,82,98,95,0,2,1,0,1,1,2,0,0,0,0,1,1,0,4,3,6,1,0,2
sample_026,386,342,418,473,412,425,434,410,412,423,403,22.99,100.0,100.0,46.44,100.0,100.0,100.0,0.0,100.0,100.0,0,0,0,100,0,0,0,0,0,0,0,0.01,0,63.81,9.29,1.84,0.11,0,0,0,0.0,0.0,0.0,15.1,0.0,0.0,0.0,3.6,0.0,7.6,0.13,0.13,0.07,0.21,0.33,0.15,0.13,0.3,0.12,0.14,4.62,20.03,20.01,45.11,21.92,20.4,20.05,0.78,20.02,21.55,83.3,66.7,50.0,66.7,50.0,66.7,50.0,50.0,100.0,83.3,95,98,90,100,80,65,65,98,98,98,88,88,68,92,75,68,68,75,97,88,1,1,2,2,3,4,2,2,0,0,0,0,2,1,3,4,4,1,0,1
sample_027,331,437,348,486,399,360,359,367,296,360,331,0.0,100.0,100.0,100.0,100.0,100.0,100.0,0.0,0.0,100.0,0,100,48.65,100,100,100,100,0,0,0,0.35,99.18,64.56,76.25,80.24,82.16,5.36,0.01,0,0,0.0,0.0,0.0,0.0,0.0,0.0,0.0,0.0,0.0,0.0,0.23,0.46,0.63,74.61,0.78,0.89,0.45,0.97,1.14,0.27,0.12,59.93,42.77,70.17,56.2,56.61,41.16,0.2,0.23,20.05,100.0,83.3,50.0,50.0,50.0,66.7,50.0,66.7,66.7,83.3,100,100,45,68,42,35,32,72,90,95,95,82,82,45,50,50,48,68,90,78,0,1,2,2,2,2,2,3,0,0,0,0,5,1,4,5,2,3,1,0
sample_028,764,681,887,788,803,928,888,889,846,904,770,0.0,51.14,0.0,91.02,100.0,100.0,100.0,0.0,100.0,0.0,0,0,0,100,67.35,36.17,67.39,0,0,0,37.53,0,0,99.92,8.09,1.8,36.7,4.78,0.03,0,5.0,0.0,0.0,4.9,0.0,0.0,0.0,4.5,0.0,0.0,0.11,0.09,0.11,100,0.16,0.19,0.08,0.18,0.08,0.1,8.53,10.25,0.02,79.17,35.12,27.63,40.83,1.89,20.02,0.02,66.7,50.0,66.7,100.0,50.0,66.7,66.7,33.3,100.0,50.0,98,96,95,100,68,64,62,88,96,96,88,68,82,98,74,70,74,68,95,75,1,2,1,0,1,1,1,2,0,2,0,1,0,0,9,8,11,2,0,1
sample_029,300,392,319,451,317,345,365,327,351,368,268,0.0,100.0,15.93,100.0,100.0,100.0,100.0,0.0,25.12,0.0,0,0,0,100,100,100,100,0,0,0,0.01,0,0.18,99.97,1.18,0.82,0.01,0,0.17,0,0.0,0.0,0.0,11.8,0.0,0.0,0.0,0.0,0.0,0.0,0.42,0.31,0.78,100,11.57,0.41,1.28,0.23,0.37,0.69,0.09,20.06,3.38,82.35,42.55,40.25,40.26,0.05,5.13,0.14,100.0,66.7,33.3,83.3,66.7,66.7,83.3,66.7,100.0,83.3,100,92,98,100,62,88,95,88,95,95,88,75,82,90,68,78,90,78,98,90,0,1,1,1,2,2,2,2,0,2,0,0,0,0,2,1,0,1,0,0
sample_030,349,251,381,379,355,372,375,378,357,416,370,0.0,0.0,0.0,59.3,100.0,53.68,100.0,0.0,0.0,0.0,0,0,0,100,0,0,0,0,0,0,0,7.13,0,99.97,0.52,79.45,3.57,0.22,0,0,0.0,0.0,0.0,8.3,0.0,0.0,0.0,0.0,0.0,0.0,4.61,0.38,0.09,0.74,0.2,3.91,0.12,0.14,0.12,0.23,0.92,1.5,0.02,53.66,20.14,27.41,20.74,0.07,0.02,0.05,100.0,83.3,66.7,83.3,66.7,66.7,83.3,66.7,100.0,83.3,100,98,95,100,65,80,72,65,98,95,90,85,75,95,75,88,82,75,95,92,0,1,2,1,2,0,0,2,0,0,0,0,1,0,5,6,7,4,0,1
sample_031,317,384,324,411,340,367,367,386,371,302,317,0.0,0.0,100.0,100.0,100.0,100.0,100.0,0.0,100.0,100.0,0,0,0,100,100,100,100,0,0,100,0,0.04,0,100,87.56,0,0.28,0,0,0,0.0,5.8,0.0,69.6,4.6,0.0,0.0,0.0,0.0,44.0,0.07,0.13,0.25,100,23.34,1.79,0.16,0.27,0.19,0.39,0.01,1.19,20.05,93.92,63.1,40.36,40.09,0.05,20.04,48.88,66.7,100.0,50.0,100.0,83.3,50.0,50.0,100.0,66.7,100.0,90,100,95,100,72,88,65,92,88,100,75,82,68,92,88,78,78,68,90,95,0,0,2,0,0,1,1,0,0,0,2,0,1,0,4,3,4,0,2,0
sample_032,654,693,1006,876,731,741,738,732,533,816,811,47.83,100.0,100.0,100.0,100.0,100.0,100.0,100.0,100.0,100.0,0,34.78,0,100,100,100,100,0,0,0,0.01,26.43,1.37,99.79,2.47,51.64,69.22,0.68,2.45,0.01,20.8,12.6,24.3,45.7,10.8,24.4,20.0,0.0,17.8,29.2,0.2,0.12,0.13,100,0.39,0.71,0.56,0.15,0.19,0.18,13.77,34.79,25.16,89.1,42.73,55.35,57.96,20.17,24.09,25.88,100.0,33.3,66.7,83.3,66.7,66.7,66.7,83.3,66.7,100.0,98,96,82,100,68,68,64,96,100,98,90,75,91,91,80,75,75,82,98,98,0,1,2,2,4,4,3,2,1,0,0,4,1,0,5,8,6,0,1,0
sample_033,959,1246,1217,1176,1014,1106,1034,1155,945,1001,1138,0.0,32.57,78.86,100.0,100.0,100.0,100.0,38.56,89.08,5.83,0,0,0,100,100,60.0,100,0,0,0,0.09,14.53,0.02,99.7,23.8,14.34,56.07,0.05,0.04,0.48,0.0,0.0,0.0,13.2,0.0,0.0,0.0,0.0,0.0,0.0,0.62,0.12,0.22,96.48,0.34,0.97,3.69,0.12,0.18,0.19,0.14,9.44,15.82,81.88,44.83,35.06,51.95,7.75,17.86,1.3,100.0,66.7,33.3,100.0,50.0,50.0,50.0,83.3,66.7,66.7,100,95,82,98,42,72,64,96,98,98,82,82,75,95,68,74,60,68,95,94,0,3,4,0,3,3,3,2,2,1,0,1,5,0,7,5,6,0,2,2
sample_034,443,441,450,484,453,445,457,489,272,447,408,0.0,0.0,78.48,24.09,100.0,100.0,100.0,0.0,100.0,45.38,0,0,0,0,0,0,0,0,0,0,0.01,0,0,82.46,0.16,31.0,66.36,0.02,0,0.01,12.6,10.6,26.6,55.6,9.9,5.8,8.2,0.0,8.4,30.4,0.45,0.12,2.8,1.17,0.15,0.21,0.38,0.19,0.14,0.37,2.61,2.14,21.58,32.66,22.04,27.4,34.99,0.04,21.71,15.23,100.0,100.0,83.3,83.3,83.3,66.7,66.7,66.7,83.3,83.3,100,98,96,100,80,68,65,95,96,95,92,95,95,95,82,84,78,68,95,95,0,0,1,1,1,1,1,1,1,0,0,0,0,0,0,3,4,0,0,1
sample_035,500,616,426,650,521,573,541,585,507,595,524,30.56,100.0,100.0,100.0,100.0,100.0,100.0,100.0,100.0,100.0,0,100,0,100,100,100,100,0,100,47.83,0.02,86.61,17.44,99.39,50.54,72.66,71.24,0.06,0.01,0.01,0.0,0.0,0.0,4.3,0.0,0.0,0.0,0.0,0.0,7.0,0.18,1.54,0.15,100,0.16,1.5,0.36,0.19,0.11,0.39,6.15,57.63,23.52,80.74,50.14,54.83,54.32,20.05,40.02,31.05,83.3,66.7,66.7,100.0,50.0,50.0,50.0,66.7,100.0,83.3,80,95,88,96,64,80,68,98,96,96,75,74,68,78,75,88,75,68,95,75,1,2,1,0,3,0,1,4,0,1,0,0,2,0,3,2,2,0,0,0
sample_036,424,392,435,438,400,482,517,478,498,460,453,0.0,0.0,100.0,30.07,100.0,100.0,100.0,0.0,0.0,56.04,0,0,0,100,0,0,0,0,0,0,0.28,0.01,0.15,99.96,67.27,2.77,0.01,0,0,1.48,0.0,0.0,0.0,35.2,6.9,0.0,0.0,0.0,7.0,43.3,0.18,0.14,0.32,100,0.16,0.19,0.39,0.14,0.14,84.77,0.09,0.03,20.09,73.05,34.87,20.59,20.08,0.03,1.43,37.12,83.3,66.7,50.0,83.3,66.7,50.0,50.0,83.3,66.7,66.7,98,95,95,100,72,65,62,98,95,98,95,88,88,100,78,72,88,78,95,98,1,1,2,1,1,3,1,4,1,2,0,3,2,0,6,6,8,0,4,1
sample_037,527,462,575,555,543,561,560,638,552,532,631,100.0,0.0,100.0,81.22,100.0,100.0,100.0,41.31,0.0,100.0,0,25.93,0,79.31,0,0,6.9,0,3.45,0,0.01,54.18,0,99.42,8.01,63.72,60.44,0.02,0.03,0.02,23.1,0.0,0.0,48.2,0.0,0.0,0.0,0.0,0.0,7.1,0.29,5.03,0.14,100,0.19,0.38,0.23,0.11,0.15,0.18,24.68,17.03,20.03,81.63,21.64,32.82,33.51,8.29,0.73,21.46,100.0,66.7,66.7,100.0,83.3,66.7,66.7,100.0,100.0,100.0,98,80,96,100,72,80,72,96,98,100,92,88,95,98,84,68,82,88,98,89,0,3,1,0,1,5,1,0,0,0,0,7,1,0,0,1,6,0,0,0
sample_038,951,796,2215,1176,1036,1056,1058,1187,917,1096,1078,0.0,37.92,0.0,81.86,100.0,100.0,100.0,8.61,52.88,88.16,0,0,0,100,0,33.33,24.0,0,0,0,47.98,0,0.01,99.59,3.09,12.98,8.84,0.01,0,0.01,8.0,0.9,5.6,16.6,7.2,6.0,4.4,4.6,5.8,11.5,0.12,0.2,0.16,42.58,0.21,0.76,0.12,0.2,0.19,0.41,11.22,7.8,1.15,68.13,22.1,30.61,27.47,2.68,11.77,20.02,66.7,33.3,66.7,66.7,50.0,66.7,66.7,50.0,83.3,83.3,100,72,88,96,68,64,48,96,90,96,95,48,92,86,82,82,68,88,98,95,1,4,2,2,1,2,3,2,0,0,1,14,2,1,5,4,7,4,2,1
sample_039,300,267,352,357,322,369,397,353,370,322,307,100.0,100.0,100.0,100.0,100.0,100.0,100.0,100.0,100.0,100.0,0,0,0,100,0,0,0,0,0,0,80.0,0.02,69.77,99.94,7.12,29.04,80.3,7.45,1.22,99.99,27.6,6.4,0.0,90.7,0.0,5.7,0.0,3.2,0.0,96.7,0.59,0.22,0.21,52.34,0.35,0.29,9.28,0.24,0.43,94.14,41.64,21.33,34.0,88.6,21.49,27.01,37.92,22.18,20.33,78.17,100.0,83.3,66.7,100.0,83.3,66.7,66.7,66.7,100.0,100.0,100,88,88,100,72,45,68,95,95,95,95,88,90,95,92,75,78,82,100,100,0,0,2,0,0,1,2,0,0,0,0,2,1,0,2,4,2,1,0,0
sample_040,841,815,865,1005,915,935,914,901,688,827,937,0.0,90.82,100.0,100.0,100.0,100.0,100.0,100.0,100.0,100.0,0,44.29,0,100,70.27,52.11,63.89,0,0,53.03,0.23,35.75,2.86,99.85,45.02,36.35,72.28,0,3.26,62.04,23.3,29.7,15.2,83.2,18.7,16.0,5.7,23.2,22.1,62.2,0.19,0.33,0.23,89.06,2.16,0.17,3.11,0.09,21.19,4.96,4.74,40.18,23.66,94.42,47.23,40.93,49.0,24.66,29.31,56.45,100.0,66.7,66.7,50.0,66.7,66.7,66.7,66.7,66.7,83.3,98,96,90,90,68,65,72,92,96,98,95,90,95,68,75,68,88,90,95,95,0,1,1,3,1,2,1,2,1,0,0,0,3,3,7,4,6,1,1,1
sample_041,769,745,723,752,732,814,844,833,738,809,867,0.0,0.0,51.92,45.53,100.0,94.59,100.0,100.0,18.05,100.0,0,0,0,100,45.45,44.12,41.18,0,0,0,1.74,55.49,0,99.92,80.94,57.02,85.5,0.23,0.12,11.79,4.2,0.0,0.0,95.0,0.0,0.0,5.7,6.5,0.0,10.8,0.2,0.14,0.16,99.61,10.69,8.89,0.37,0.16,0.19,0.14,1.23,11.13,10.42,88.01,47.42,40.92,46.55,21.38,3.67,24.55,83.3,83.3,66.7,100.0,66.7,50.0,50.0,83.3,83.3,66.7,98,90,98,100,80,76,88,92,98,98,92,92,92,98,90,82,82,75,95,95,1,2,1,0,0,2,3,2,1,1,0,0,2,0,4,3,2,0,0,1
sample_042,326,409,387,362,424,368,377,356,364,420,422,0.0,100.0,49.72,82.72,100.0,100.0,100.0,100.0,100.0,100.0,0,0,35.29,100,100,100,100,0,0,0,0,0.48,99.87,99.92,80.84,80.27,4.41,79.13,0.17,0,0.0,0.0,10.2,0.0,0.0,0.0,0.0,0.0,0.0,45.1,0.07,0.51,91.02,99.61,19.24,16.6,12.01,0.2,0.78,7.91,0.01,20.2,57.22,76.45,60.02,59.37,43.28,35.87,20.19,30.6,83.3,83.3,66.7,83.3,66.7,66.7,66.7,66.7,83.3,66.7,96,88,98,100,88,72,72,98,98,100,82,78,88,90,78,75,95,75,91,82,0,1,2,1,2,2,1,0,1,1,1,0,2,0,1,3,1,2,0,0
sample_043,995,1021,1360,981,1047,1115,1100,1095,,1104,1033,0.0,2.96,0.0,6.13,100.0,100.0,100.0,,0.0,0.0,0,0,0,54.9,0,0,32.56,,0,0,18.93,0.01,0.03,99.56,0.51,0.26,14.63,,0.02,0,2.8,0.0,3.9,13.3,0.0,3.2,0.0,,0.0,0.0,0.12,0.31,0.52,99.61,0.07,0.05,0.81,,0.06,0.06,4.37,0.66,0.89,54.7,20.12,20.7,29.6,,0.02,0.01,83.3,66.7,83.3,83.3,66.7,66.7,66.7,,83.3,100.0,100,65,96,100,68,68,65,,95,97,93,50,84,95,75,88,88,,98,98,4,3,3,1,2,2,1,,2,0,0,12,0,0,9,7,11,,0,0
sample_044,373,404,361,691,372,407,415,399,413,405,366,0.0,100.0,100.0,100.0,100.0,100.0,100.0,0.0,100.0,100.0,0,0,0,95.24,100,100,100,0,0,100,0,0.01,0,99.98,79.23,0.04,56.19,0.04,0,0,0.0,0.0,0.0,87.9,0.0,0.0,0.0,17.0,6.7,0.0,0.14,0.38,0.08,100,0.06,0.14,0.17,0.13,0.14,0.34,0.03,20.08,20.02,96.62,55.86,40.04,51.27,3.43,21.37,40.07,100.0,66.7,66.7,100.0,66.7,66.7,66.7,83.3,83.3,100.0,98,95,98,100,80,72,65,95,95,95,95,75,85,95,92,78,75,78,98,92,0,1,0,0,1,1,2,1,0,0,0,0,1,0,1,3,2,0,1,0
sample_045,623,670,680,703,648,691,744,672,612,638,643,0.0,0.0,0.0,66.87,100.0,100.0,100.0,0.0,0.0,94.97,0,0,0,100,0,0,0,0,0,16.67,0,0,0,99.69,0.03,0.36,0,0.02,0.01,0,0.0,0.0,2.4,54.8,0.0,4.3,0.0,2.0,5.8,20.6,0.16,0.14,0.12,44.92,0.19,0.14,9.13,0.12,0.12,0.33,0.03,0.03,0.5,73.26,20.04,20.96,21.83,0.43,1.19,26.51,83.3,66.7,50.0,83.3,83.3,66.7,66.7,83.3,66.7,100.0,90,88,90,95,65,65,68,93,95,88,88,86,85,88,90,78,88,68,98,92,0,0,1,1,0,1,0,2,1,0,3,1,2,0,3,5,4,0,1,0
sample_046,545,624,559,638,525,571,620,594,472,546,599,0.0,53.67,100.0,86.8,100.0,100.0,100.0,77.74,89.54,100.0,0,0,0,0,0,0,0,0,0,0,0.03,0.02,26.67,96.43,53.38,20.17,15.15,0,0.13,53.07,15.5,44.9,16.4,96.2,20.8,29.1,34.5,10.1,30.1,85.6,0.28,0.43,0.21,99.61,0.83,0.29,0.25,0.18,0.23,2.8,3.16,19.8,28.66,75.81,35.0,29.91,29.98,17.6,24.0,48.29,100.0,66.7,66.7,100.0,66.7,66.7,66.7,66.7,83.3,66.7,95,92,90,100,80,82,68,98,90,98,80,88,90,98,95,88,82,75,100,96,0,2,3,0,2,2,2,3,0,3,0,2,2,0,2,4,7,0,1,1
sample_047,564,622,659,697,597,659,652,675,577,631,463,0.0,100.0,92.26,100.0,100.0,100.0,100.0,25.98,100.0,100.0,0,100,0,100,100,100,100,0,0,100,0.77,0.34,0,99.96,65.82,85.02,99.0,0.03,0,56.34,0.0,0.0,0.0,14.9,0.0,0.0,0.0,0.0,0.0,0.0,0.24,0.37,0.18,100,4.39,3.25,13.28,0.23,0.12,0.86,0.2,40.14,18.49,82.97,54.04,57.65,62.46,5.25,20.02,51.44,83.3,66.7,66.7,100.0,50.0,66.7,66.7,83.3,83.3,83.3,98,72,88,100,88,88,72,100,98,100,91,95,92,100,84,95,75,82,98,82,1,1,1,0,1,0,2,1,1,1,0,6,1,0,3,1,3,0,0,0
sample_048,499,546,681,791,560,573,625,646,576,635,719,0.0,0.0,40.07,57.53,100.0,100.0,91.38,0.0,0.0,12.77,0,0,0,100,7.69,38.46,57.69,0,0,31.82,0.05,0.01,0,99.92,9.7,36.98,5.85,0.05,0,0,49.2,0.0,29.6,18.4,12.9,4.0,0.0,0.0,0.0,48.5,0.13,0.26,0.22,99.61,0.31,0.29,0.3,0.12,0.11,0.14,9.88,0.05,13.98,75.09,26.12,35.95,31.04,0.03,0.02,18.65,100.0,66.7,50.0,100.0,66.7,50.0,66.7,66.7,83.3,50.0,90,92,98,100,72,72,62,95,95,100,92,82,82,100,90,84,75,68,98,96,0,2,2,0,4,2,2,3,0,1,0,3,0,0,2,5,6,1,2,2
sample_049,532,557,655,651,636,608,639,598,509,553,633,0.0,100.0,67.27,87.22,100.0,100.0,100.0,100.0,100.0,100.0,0,57.58,0,100,46.88,100,50.0,0,0,0,0.02,0.1,23.79,99.99,70.96,84.73,73.42,0.29,0.1,56.09,0.0,0.0,6.7,46.7,0.0,0.0,0.0,10.0,0.0,21.2,0.21,1.17,4.81,100,1.1,3.56,0.57,0.22,0.33,1.1,0.05,31.77,20.51,86.78,43.79,57.66,44.8,22.1,20.09,35.68,100.0,83.3,100.0,83.3,66.7,83.3,66.7,66.7,83.3,83.3,98,96,88,100,68,65,68,100,88,90,90,78,95,82,74,75,82,82,75,92,0,0,0,1,1,0,1,3,1,0,0,0,0,0,6,6,4,1,0,2
sample_050,551,562,602,723,568,634,590,589,613,573,614,0.0,0.0,100.0,50.04,100.0,100.0,100.0,0.0,0.0,68.96,0,0,0,100,0,0,0,0,0,0,0.22,0.01,0,99.73,53.44,68.2,54.71,0.17,0.15,0.29,9.7,0.0,0.0,40.6,0.0,0.0,0.0,0.0,0.0,11.0,0.23,0.14,0.15,67.58,0.21,0.15,0.2,0.26,0.26,0.24,2.03,0.03,20.03,71.59,30.73,33.67,30.98,0.09,0.08,16.1,83.3,83.3,66.7,83.3,83.3,66.7,66.7,66.7,83.3,66.7,96,85,90,100,80,80,80,95,98,98,78,82,82,88,85,84,82,75,100,95,1,0,2,1,0,2,1,2,0,1,0,3,2,0,4,4,4,1,1,2
